rule_id,our_status,rule,arm,arm_id,zipcpu,zipcpu_id,yosys,yosys_id,notes,page
R001,implemented,"All five channels use VALID/READY handshake; once VALID asserted it must remain until handshake.",1,AXI4_ERRM_{AW|W|AR}VALID_STABLE; AXI4_ERRS_{B|R}VALID_STABLE,1,L337; L352; L361; L377; L386,1,ap_{AW|W|AR|B|R}_*VALID_until_*READY,,A3-39
R002,partial,"Source must not wait for READY before asserting VALID.",1,AXI4_ERRM_AWVALID_STABLE,0,,0,,"Only ARM checks VALID-not-dependent-on-READY.",A3-39
R003,implemented,"Destination permitted to wait for VALID before asserting READY; can also assert READY before VALID.",1,implied,0,,1,wp_{AW|W|AR|B|R}_READY_before_VALID,"Informational. Yosys cover properties only.",A3-39
R004,implemented,"AWVALID/WVALID/ARVALID must be LOW during reset; RVALID/BVALID must be LOW during reset.",1,AXI4_ERRM_{AW|W|AR}VALID_RESET; AXI4_ERRS_{R|B}VALID_RESET,1,L298-303,1,ap_{AW|W|AR|R|B}_EXIT_RESET,,A3-38
R005,implemented,"First VALID assertion permitted only after rising ACLK with ARESETn HIGH.",1,AXI4_ERRM_*VALID_RESET; AXI4_ERRS_*VALID_RESET,1,L298-303; L311-316,1,exit_from_reset on all channels,,A3-38
R006,implemented,"AW channel: all signals (AWADDR/AWLEN/AWSIZE/AWBURST/AWCACHE/AWPROT/AWID/AWLOCK/AWQOS/AWREGION/AWUSER) stable while AWVALID HIGH until handshake.",1,AXI4_ERRM_AW{ADDR|LEN|SIZE|BURST|CACHE|PROT|ID|LOCK|QOS|REGION|USER}_STABLE,1,L338-346,1,ap_AW_STABLE_{AWADDR|...|AWUSER},"ZipCPU covers all instantiated signals incl. QOS (L346); omits REGION/USER (no ports).",A3-39
R007,implemented,"W channel: WDATA/WSTRB/WLAST/WUSER stable while WVALID HIGH until handshake.",1,AXI4_ERRM_W{DATA|STRB|LAST|USER}_STABLE,1,L353-355,1,ap_W_STABLE_{WDATA|WSTRB|WLAST|WUSER},"ZipCPU: no WUSER port.",A3-39
R008,implemented,"AR channel: all signals (ARADDR/ARLEN/ARSIZE/ARBURST/ARCACHE/ARPROT/ARID/ARLOCK/ARQOS/ARREGION/ARUSER) stable while ARVALID HIGH until handshake.",1,AXI4_ERRM_AR{ADDR|LEN|SIZE|BURST|CACHE|PROT|ID|LOCK|QOS|REGION|USER}_STABLE,1,L362-370,1,ap_AR_STABLE_{ARADDR|...|ARUSER},"ZipCPU covers all instantiated signals incl. QOS (L370); omits REGION/USER (no ports).",A3-39
R009,implemented,"B channel: BRESP/BID/BUSER stable while BVALID HIGH until handshake.",1,AXI4_ERRS_B{RESP|ID|USER}_STABLE,1,L387-388,1,ap_B_STABLE_{BRESP|BID|BUSER},"ZipCPU: no BUSER port.",A3-39
R010,implemented,"R channel: RDATA/RRESP/RLAST/RID/RUSER stable while RVALID HIGH until handshake.",1,AXI4_ERRS_R{DATA|RESP|LAST|ID|USER}_STABLE,1,L378-381,1,ap_R_STABLE_{RDATA|RRESP|RLAST|RID|RUSER},"ZipCPU: no RUSER port.",A3-39
R011,implemented,"No X on VALID/READY signals (all 10: 5×VALID + 5×READY).",1,AXI4_ERRM_{AW|W|AR}VALID_X; AXI4_ERRS_{B|R}VALID_X; AXI4_ERRS_{AW|W|AR}READY_X; AXI4_ERRM_{B|R}READY_X,0,,1,ap_{AW|W|AR|B|R}_{xVALID|xREADY}_X,"ZipCPU has no X-prop checks.",A3-40
R012,implemented,"No X on AW channel signals when AWVALID HIGH.",1,AXI4_ERRM_AW{ADDR|LEN|SIZE|BURST|LOCK|CACHE|PROT|ID|QOS|REGION|USER}_X,0,,1,ap_AW_AW*_X,"ZipCPU: no X-prop.",A3-40
R013,implemented,"No X on W channel signals when WVALID HIGH.",1,AXI4_ERRM_W{DATA|STRB|LAST|USER}_X,0,,1,ap_W_W*_X,"ZipCPU: no X-prop.",A3-40
R014,implemented,"No X on AR channel signals when ARVALID HIGH.",1,AXI4_ERRM_AR{ADDR|LEN|SIZE|BURST|LOCK|CACHE|PROT|ID|QOS|REGION|USER}_X,0,,1,ap_AR_AR*_X,"ZipCPU: no X-prop.",A3-40
R015,implemented,"No X on B channel signals when BVALID HIGH.",1,AXI4_ERRS_B{RESP|ID|USER}_X,0,,1,ap_B_B*_X,"ZipCPU: no X-prop.",A3-40
R016,implemented,"No X on R channel signals when RVALID HIGH.",1,AXI4_ERRS_R{DATA|RESP|LAST|ID|USER}_X,0,,1,ap_R_R*_X,"ZipCPU: no X-prop.",A3-40
R017,partial,"Manager must not wait for AWREADY/WREADY before AWVALID/WVALID; subordinate must not wait for BREADY/RREADY before BVALID/RVALID.",1,AXI4_ERRM_AWVALID_STABLE; AXI4_ERRS_BVALID_STABLE; AXI4_ERRS_RVALID_STABLE,0,,0,,"Only ARM checks VALID-to-READY dependency direction.",A3-39
R018,implemented,"Subordinate must wait for ARVALID+ARREADY before asserting RVALID; subordinate must wait for AW+W(WLAST) before asserting BVALID. Write response must follow last write transfer.",1,AXI4_ERRS_BRESP_AW; AXI4_ERRS_BRESP_WLAST; AXI4_ERRS_RDATA_NUM,0,,1,forward_progress_AW (scoreboard),"ARM: full state machine (WLAST-before-BRESP + AR-before-RVALID). Yosys: AW->B scoreboard only (under-constrained: no WLAST->B or AR->R dependency). ZipCPU: none.",A3-41/A3-44
R019,implemented,"FIXED burst length 1-16 transfers (both AW and AR).",1,AXI4_ERRM_AWLEN_FIXED; AXI4_ERRM_ARLEN_FIXED,0,,1,ap_AW_VALID_LEN_FIXED; ap_AR_VALID_LEN_FIXED,"Yosys: len[7:4]==0.",A3-46
R020,implemented,"INCR burst length 1-256 transfers (both AW and AR).",1,implied by 8-bit AWLEN/ARLEN,0,,1,ap_AW_AWLEN_MAX; ap_AR_ARLEN_MAX,,A3-46
R021,implemented,"WRAP burst length must be 2/4/8/16 (both AW and AR).",1,AXI4_ERRM_AWLEN_WRAP; AXI4_ERRM_ARLEN_WRAP,0,,1,ap_AW_VALID_WRAP_BURST; ap_AR_VALID_WRAP_BURST,"Yosys: len in {1 3 7 15}.",A3-46
R022,implemented,"Burst size must not exceed data bus width (both AW and AR).",1,AXI4_ERRM_AWSIZE; AXI4_ERRM_ARSIZE,0,,1,ap_AW_CORRECT_BURST_SIZE; ap_AR_CORRECT_BURST_SIZE,,A3-47
R023,implemented,"Burst must not cross 4KB address boundary (both AW and AR).",1,AXI4_ERRM_AWADDR_BOUNDARY; AXI4_ERRM_ARADDR_BOUNDARY,0,,1,ap_AW_AWADDR_BOUNDARY_4KB; ap_AR_ARADDR_BOUNDARY_4KB,"ARM: internal address counter. Yosys: end_addr=ADDR+(LEN<<SIZE); only checks when ADDR_WIDTH>12.",A3-46
R024,implemented,"WRAP burst start address must be aligned to transfer size (both AW and AR).",1,AXI4_ERRM_AWADDR_WRAP_ALIGN; AXI4_ERRM_ARADDR_WRAP_ALIGN,0,,1,ap_AW_ADDRESS_ALIGNMENT; ap_AR_ADDRESS_ALIGMENT,"Yosys checks all non-FIXED bursts (over-constrained: spec only requires WRAP alignment).",A3-48
R025,implemented,"AxBURST must not use reserved encoding 2'b11 (both AW and AR).",1,AXI4_ERRM_AWBURST; AXI4_ERRM_ARBURST,0,,1,ap_AW_BURST_TYPES; ap_AR_BURST_TYPES,,A3-48
R026,implemented,"WSTRB HIGH only for valid data byte lanes.",1,AXI4_ERRM_WSTRB,1,L880 (wstb_valid),0,,"ARM: WSTRB vs burst address/size. ZipCPU: WSTRB bit validity. Yosys: only full_data_transaction (over-constrained: requires all strobes HIGH).",A3-52
R027,implemented,"WLAST must be asserted on final write transfer; RLAST must be asserted on final read transfer.",1,AXI4_ERRM_WDATA_NUM_PROP1-5; AXI4_ERRS_RDATA_NUM,1,L564-566; L675-676; L694-697,0,,"ARM/ZipCPU: beat count vs AxLEN. Yosys: stability only not correctness.",A3-44
R028,implemented,"Write/read data item count must match AxLEN+1.",1,AXI4_ERRM_WDATA_NUM_PROP1-5; AXI4_ERRS_RDATA_NUM,1,L564; L896-898; L675-676; L694-697,0,,"ARM: per-burst. ZipCPU: pending/outstanding counters. Yosys: none.",A3-44
R029,implemented,"Read data ordering: same-ID data must return in address order. Write data must follow address-issue order.",1,AXI4_ERRS_RID; write counter logic,0,,0,,"Only ARM tracks per-ID ordering.",A3-44/A5-78
R030,implemented,"Early burst termination not supported; manager must complete all transfers (can deassert WSTRB to suppress writes).",0,,0,,0,,"Informational. No SVA implementation checks this.",A3-44
R031,implemented,"AxCACHE must not use reserved encodings (both AW and AR).",1,AXI4_ERRM_AWCACHE; AXI4_ERRM_ARCACHE,0,,1,ap_AW_MEMORY_TYPE_ENCODING; ap_AR_MEMORY_TYPE_ENCODING,"Rejects {4 5 8 9 C D} per Table A4-5.",A4-67
R032,implemented,"When AxCACHE[1] (Modifiable) is 0 then RA/WA bits must be 0 (both AW and AR).",1,AXI4_ERRM_AWCACHE; AXI4_ERRM_ARCACHE,0,,1,ap_AW_NON_CACHEABLE; ap_AR_NON_CACHEABLE,"Yosys AR checker uses ARLOCK in condition instead of !m_bit (over-constrained vs spec).",A4-67
R033,not applicable,"Exclusive access address aligned to total transaction bytes (both AW and AR).",1,AXI4_ERRM_EXCL_ALIGN,0,,1,ap_AW_ADDRESS_ALIGNMENT_EXCLUSIVE; ap_AR_ADDRESS_ALIGNMENT_EXCLUSIVE,,A7-93
R034,not applicable,"Max bytes in exclusive burst is 128 (both AW and AR).",1,AXI4_ERRM_EXCL_MAX,0,,1,ap_AW_EXCLUSIVE_BYTES_TRANSFER; ap_AR_EXCLUSIVE_BYTES_TRANSFER,,A7-93
R035,not applicable,"Exclusive burst length <= 16 (both AW and AR).",1,AXI4_ERRM_EXCL_LEN; AXI4_ERRM_AWLEN_LOCK; AXI4_ERRM_ARLEN_LOCK,0,,1,ap_AW_VALID_BURST_LEN_EXCLUSIVE; ap_AR_BURST_LEN_EXCLUSIVE,"Yosys: len[7:4]==0.",A7-93
R036,not applicable,"Exclusive bytes must be power of 2 (both AW and AR).",1,AXI4_ERRM_EXCL_LEN,0,,1,ap_AW_EXCLUSIVE_BYTES_NUM; ap_AR_EXCLUSIVE_BYTES_TRANSFER,"Yosys: len in {0 1 3 7 f}.",A7-93
R037,not applicable,"Exclusive write must not start until exclusive read complete; AWID must match prior ARID.",1,excl tracking state machine,0,,1,ap_NO_WR_RD_EXCLUSIVE_simultaneously,"ARM: full sequence enforcement + ID matching. Yosys: only prevents simultaneous (under-constrained: no sequencing).",A7-92/A7-93
R038,not applicable,"Exclusive read/write must have same burst size length address and control signals.",1,excl tracking logic,0,,0,,"Only ARM checks matching burst params between excl read and write.",A7-93
R039,implemented,"AXI4: locked transactions removed; AxLOCK is 1-bit.",1,AXI4_ERRM_AWLEN_LOCK; AXI4_ERRM_ARLEN_LOCK,0,,1,exclusive_access; normal_access,,A7-96
R040,not applicable,"Exclusive access must not be from cacheable region (both AW and AR).",1,AXI4_ERRM_AWCACHE; AXI4_ERRM_ARCACHE,0,,1,ap_AW_NON_CACHEABLE; ap_AR_NON_CACHEABLE,,A7-93
R041,implemented,"EXOKAY response only valid for exclusive access (both B and R channels).",1,AXI4_ERRS_BRESP_EXOKAY; AXI4_ERRS_RRESP_EXOKAY,0,,1,ap_B_UNSUPPORTED_RESPONSE; ap_R_UNSUPPORTED_RESPONSE,,A3-55
R042,implemented,"Write interleaving depth is 1 in AXI4: W data in same order as AW addresses; no read data interleaving.",1,AXI4_ERRM_WDATA_NUM_PROP1-5; AXI4_ERRS_RID,0,,0,,"Only ARM. Yosys: TODO placeholder for read interleaving.",A5-79/A5-81
R043,not applicable,"CSYSREQ/CSYSACK low-power handshake: fall/rise edge dependencies.",1,LP section in Axi4PC.sv,0,,1,ap_LP_CSYSREQ_{FALL|RISE}; ap_LP_CSYSACK_{FALL|RISE},,A9-103
R044,not applicable,"Low-power: CSYSREQ/CSYSACK LOW after reset.",0,,0,,1,ap_LP_EXIT_RESET_CSYSREQ; ap_LP_EXIT_RESET_CSYSACK,"Only Yosys checks LP reset.",A9-103
R045,not applicable,"CACTIVE must not be X during operation.",1,LP section CACTIVE checks,0,,0,,"Only ARM.",A9-103
R046,not applicable,"During reset data/control signals can be any value; READY signals unconstrained during reset.",0,,0,,0,,"Informational. No SVA needed.",A3-38
R047,implemented,"DECERR (2'b11) is a valid response in AXI4.",0,,0,,0,,"Informational.",A3-55
R048,implemented,"BID must match AWID; RID must match ARID.",1,AXI4_ERRS_BRESP_AW; AXI4_ERRS_RID,0,,1,forward_progress_AW (BID/AWID scoreboard),"ARM: checks both BID and RID. Yosys: BID via scoreboard only. RID: only ARM.",A3-44/A5-77
R049,implemented,"Outstanding write/read transaction tracking and limits.",1,internal counters,1,L650-656 (f_axi_awr_nbursts; f_axi_rd_outstanding),1,forward_progress_scoreboard; cp_no_overflow_no_dead_end,"ZipCPU: counter asserts vs F_LGDEPTH. Yosys: scoreboard overflow.",A5-79
R050,not applicable,"AXI4-Lite: burst length 1 (AXLEN=0); AXSIZE = bus width; AXBURST = FIXED; WLAST/RLAST = 1.",0,,0,,1,cp_{AW|AR|W|R}_unsupported_axi4l,"Yosys-only AXI4-Lite mode.",B1-122
R051,not applicable,"AXI4-Lite: data bus must be 32 or 64 bits.",0,,0,,1,ap_{AW|AR}_AXI4LITE_DATAWIDTH,"Yosys-only.",B1-122
R052,not applicable,"AXI4-Lite: exclusive not supported (AXLOCK=0); EXOKAY not valid.",0,,0,,1,ap_{AW|AR}_UNSUPPORTED_EXCLUSIVE; ap_{B|R}_UNSUPPORTED_RESPONSE,"Yosys-only.",B1-122
R053,not applicable,"AXI4-Lite: IDs must be 0; USER signals must be 0; AXCACHE/AXQOS/AXREGION must be 0.",0,,0,,1,cp_{AW|AR}_unsupported_axi4l,"Yosys-only. All via unsupported_sig bundle.",B1-122
